Date,Open,High,Low,Close,Vol,OI
11/29/2019,1.3893,1.3893,1.3893,1.3893,0,0
12/2/2019,1.3937,1.3937,1.3937,1.3937,0,0
12/3/2019,1.3852,1.3852,1.3852,1.3852,0,0
12/4/2019,1.4261,1.4261,1.4261,1.4261,0,0
12/5/2019,1.4343,1.4343,1.4343,1.4343,0,0
12/6/2019,1.45,1.45,1.45,1.45,0,0
12/9/2019,1.453,1.453,1.453,1.453,0,0
12/10/2019,1.4521,1.4521,1.4521,1.4521,0,0
12/11/2019,1.4379,1.4379,1.4379,1.4379,0,0
12/12/2019,1.4407,1.4407,1.4407,1.4407,0,0
12/13/2019,1.462,1.462,1.462,1.462,0,0
12/16/2019,1.4623,1.4623,1.4623,1.4623,0,0
12/17/2019,1.4739,1.4739,1.4739,1.4739,0,0
12/18/2019,1.4736,1.4736,1.4736,1.4736,0,0
12/19/2019,1.4787,1.4787,1.4787,1.4787,0,0
12/20/2019,1.4758,1.4758,1.4758,1.4758,0,0
12/23/2019,1.478,1.478,1.478,1.478,0,0
12/24/2019,1.4851,1.4851,1.4851,1.4851,0,0
12/26/2019,1.4985,1.4985,1.4985,1.4985,0,0
12/27/2019,1.5005,1.5005,1.5005,1.5005,0,0
12/30/2019,1.4797,1.4797,1.4797,1.4797,0,0
12/31/2019,1.4425,1.4425,1.4425,1.4425,0,0
1/2/2020,1.4524,1.4524,1.4524,1.4524,0,0
1/3/2020,1.4727,1.4727,1.4727,1.4727,0,0
1/6/2020,1.4748,1.4748,1.4748,1.4748,0,0
1/7/2020,1.4542,1.4542,1.4542,1.4542,0,0
1/8/2020,1.405,1.405,1.405,1.405,0,0
1/9/2020,1.3836,1.3836,1.3836,1.3836,0,0
1/10/2020,1.3801,1.3801,1.3801,1.3801,0,0
1/13/2020,1.371,1.371,1.371,1.371,0,0
1/14/2020,1.3765,1.3765,1.3765,1.3765,0,0
1/15/2020,1.3736,1.3736,1.3736,1.3736,0,0
1/16/2020,1.38,1.38,1.38,1.38,0,0
1/17/2020,1.3768,1.3768,1.3768,1.3768,0,0
1/21/2020,1.3804,1.3804,1.3804,1.3804,0,0
1/22/2020,1.3522,1.3522,1.3522,1.3522,0,0
1/23/2020,1.3283,1.3283,1.3283,1.3283,0,0
1/24/2020,1.2968,1.2968,1.2968,1.2968,0,0
1/27/2020,1.2816,1.2816,1.2816,1.2816,0,0
1/28/2020,1.2909,1.2909,1.2909,1.2909,0,0
1/29/2020,1.3005,1.3005,1.3005,1.3005,0,0
1/30/2020,1.2849,1.2849,1.2849,1.2849,0,0
1/31/2020,1.284,1.284,1.284,1.284,0,0
2/3/2020,1.263,1.263,1.263,1.263,0,0
2/4/2020,1.2792,1.2792,1.2792,1.2792,0,0
2/5/2020,1.3006,1.3006,1.3006,1.3006,0,0
2/6/2020,1.3166,1.3166,1.3166,1.3166,0,0
2/7/2020,1.3157,1.3157,1.3157,1.3157,0,0
2/10/2020,1.3083,1.3083,1.3083,1.3083,0,0
2/11/2020,1.3097,1.3097,1.3097,1.3097,0,0
2/12/2020,1.3453,1.3453,1.3453,1.3453,0,0
2/13/2020,1.3416,1.3416,1.3416,1.3416,0,0
2/14/2020,1.3482,1.3482,1.3482,1.3482,0,0
2/18/2020,1.3544,1.3544,1.3544,1.3544,0,0
2/19/2020,1.3764,1.3764,1.3764,1.3764,0,0
2/20/2020,1.3766,1.3766,1.3766,1.3766,0,0
2/21/2020,1.3596,1.3596,1.3596,1.3596,0,0
2/24/2020,1.3393,1.3393,1.3393,1.3393,0,0
2/25/2020,1.3034,1.3034,1.3034,1.3034,0,0
2/26/2020,1.2803,1.2803,1.2803,1.2803,0,0
2/27/2020,1.2713,1.2713,1.2713,1.2713,0,0
2/28/2020,1.24,1.24,1.24,1.24,0,0
3/2/2020,1.2902,1.2902,1.2902,1.2902,0,0
3/3/2020,1.2816,1.2816,1.2816,1.2816,0,0
3/4/2020,1.2925,1.2925,1.2925,1.2925,0,0
3/5/2020,1.2794,1.2794,1.2794,1.2794,0,0
3/6/2020,1.2186,1.2186,1.2186,1.2186,0,0
3/9/2020,1.0782,1.0782,1.0782,1.0782,0,0
3/10/2020,1.1165,1.1165,1.1165,1.1165,0,0
3/11/2020,1.0978,1.0978,1.0978,1.0978,0,0
3/12/2020,1.0191,1.0191,1.0191,1.0191,0,0
3/13/2020,0.997,0.997,0.997,0.997,0,0
3/16/2020,0.8936,0.8936,0.8936,0.8936,0,0
3/17/2020,0.9032,0.9032,0.9032,0.9032,0,0
3/18/2020,0.8152,0.8152,0.8152,0.8152,0,0
3/19/2020,0.8664,0.8664,0.8664,0.8664,0,0
3/20/2020,0.814,0.814,0.814,0.814,0,0
3/23/2020,0.8014,0.8014,0.8014,0.8014,0,0
3/24/2020,0.8105,0.8105,0.8105,0.8105,0,0
3/25/2020,0.8884,0.8884,0.8884,0.8884,0,0
3/26/2020,0.898,0.898,0.898,0.898,0,0
3/27/2020,0.9105,0.9105,0.9105,0.9105,0,0
3/30/2020,0.9202,0.9202,0.9202,0.9202,0,0
3/31/2020,0.9172,0.9172,0.9172,0.9172,0,0
4/1/2020,0.8947,0.8947,0.8947,0.8947,0,0
4/2/2020,0.9354,0.9354,0.9354,0.9354,0,0
4/3/2020,0.9289,0.9289,0.9289,0.9289,0,0
4/6/2020,0.944,0.944,0.944,0.944,0,0
4/7/2020,0.9508,0.9508,0.9508,0.9508,0,0
4/8/2020,0.9671,0.9671,0.9671,0.9671,0,0
4/9/2020,0.9601,0.9601,0.9601,0.9601,0,0
4/13/2020,0.971,0.971,0.971,0.971,0,0
4/14/2020,0.9739,0.9739,0.9739,0.9739,0,0
4/15/2020,0.9443,0.9443,0.9443,0.9443,0,0
4/16/2020,0.9428,0.9428,0.9428,0.9428,0,0
4/17/2020,0.9474,0.9474,0.9474,0.9474,0,0
4/20/2020,0.9125,0.9125,0.9125,0.9125,0,0
4/21/2020,0.805,0.805,0.805,0.805,0,0
4/22/2020,0.8756,0.8756,0.8756,0.8756,0,0
4/23/2020,0.8753,0.8753,0.8753,0.8753,0,0
4/24/2020,0.8797,0.8797,0.8797,0.8797,0,0
4/27/2020,0.8687,0.8687,0.8687,0.8687,0,0
4/28/2020,0.8765,0.8765,0.8765,0.8765,0,0
4/29/2020,0.8773,0.8773,0.8773,0.8773,0,0
4/30/2020,0.9117,0.9117,0.9117,0.9117,0,0
5/1/2020,0.8986,0.8986,0.8986,0.8986,0,0
5/4/2020,0.9367,0.9367,0.9367,0.9367,0,0
5/5/2020,0.9787,0.9787,0.9787,0.9787,0,0
5/6/2020,0.9503,0.9503,0.9503,0.9503,0,0
5/7/2020,0.9617,0.9617,0.9617,0.9617,0,0
5/8/2020,1.0077,1.0077,1.0077,1.0077,0,0
5/11/2020,0.9793,0.9793,0.9793,0.9793,0,0
5/12/2020,0.9781,0.9781,0.9781,0.9781,0,0
5/13/2020,0.9658,0.9658,0.9658,0.9658,0,0
5/14/2020,0.9959,0.9959,0.9959,0.9959,0,0
5/15/2020,0.9924,0.9924,0.9924,0.9924,0,0
5/18/2020,1.0406,1.0406,1.0406,1.0406,0,0
5/19/2020,1.0428,1.0428,1.0428,1.0428,0,0
5/20/2020,1.0518,1.0518,1.0518,1.0518,0,0
5/21/2020,1.0482,1.0482,1.0482,1.0482,0,0
5/22/2020,1.0438,1.0438,1.0438,1.0438,0,0
5/26/2020,1.0704,1.0704,1.0704,1.0704,0,0
5/27/2020,1.0532,1.0532,1.0532,1.0532,0,0
5/28/2020,1.0615,1.0615,1.0615,1.0615,0,0
5/29/2020,1.0949,1.0949,1.0949,1.0949,0,0
6/1/2020,1.0915,1.0915,1.0915,1.0915,0,0
6/2/2020,1.112,1.112,1.112,1.112,0,0
6/3/2020,1.1208,1.1208,1.1208,1.1208,0,0
6/4/2020,1.1334,1.1334,1.1334,1.1334,0,0
6/5/2020,1.1778,1.1778,1.1778,1.1778,0,0
6/8/2020,1.152,1.152,1.152,1.152,0,0
6/9/2020,1.1701,1.1701,1.1701,1.1701,0,0
6/10/2020,1.1673,1.1673,1.1673,1.1673,0,0
6/11/2020,1.1053,1.1053,1.1053,1.1053,0,0
6/12/2020,1.1021,1.1021,1.1021,1.1021,0,0
6/15/2020,1.1353,1.1353,1.1353,1.1353,0,0
6/16/2020,1.1542,1.1542,1.1542,1.1542,0,0
6/17/2020,1.142,1.142,1.142,1.142,0,0
6/18/2020,1.1525,1.1525,1.1168,1.1168,0,0
6/19/2020,1.1272,1.1272,1.1272,1.1272,0,0
6/22/2020,1.1473,1.1473,1.1473,1.1473,0,0
6/23/2020,1.1427,1.1427,1.1427,1.1427,0,0
6/24/2020,1.0892,1.0892,1.0892,1.0892,0,0
6/25/2020,1.0971,1.0971,1.0971,1.0971,0,0
6/26/2020,1.088,1.088,1.088,1.088,0,0
6/29/2020,1.1134,1.1134,1.1134,1.1134,0,0
6/30/2020,1.1041,1.1041,1.1041,1.1041,0,0
7/1/2020,1.1168,1.1168,1.1168,1.1168,0,0
7/2/2020,1.1429,1.1429,1.1429,1.1429,0,0
7/6/2020,1.1407,1.1407,1.1407,1.1407,0,0
7/7/2020,1.1531,1.1531,1.1531,1.1531,0,0
7/8/2020,1.1644,1.1644,1.1644,1.1644,0,0
7/9/2020,1.1398,1.1398,1.1398,1.1398,0,0
7/10/2020,1.1587,1.1587,1.1587,1.1587,0,0
7/13/2020,1.1432,1.1432,1.1432,1.1432,0,0
7/14/2020,1.1346,1.1346,1.1346,1.1346,0,0
7/15/2020,1.149,1.149,1.149,1.149,0,0
7/16/2020,1.1422,1.1422,1.1422,1.1422,0,0
7/17/2020,1.1372,1.1372,1.1372,1.1372,0,0
7/20/2020,1.1519,1.1519,1.1519,1.1519,0,0
7/21/2020,1.1758,1.1758,1.1758,1.1758,0,0
7/22/2020,1.1788,1.1788,1.1788,1.1788,0,0
7/23/2020,1.1587,1.1587,1.1587,1.1587,0,0
7/24/2020,1.1766,1.1766,1.1766,1.1766,0,0
7/27/2020,1.1775,1.1775,1.1775,1.1775,0,0
7/28/2020,1.174,1.174,1.174,1.174,0,0
7/29/2020,1.1759,1.1759,1.1759,1.1759,0,0
7/30/2020,1.1548,1.1548,1.1548,1.1548,0,0
7/31/2020,1.1689,1.1689,1.1689,1.1689,0,0
8/3/2020,1.1994,1.1994,1.1994,1.1994,0,0
8/4/2020,1.2033,1.2033,1.2033,1.2033,0,0
8/5/2020,1.2134,1.2134,1.2134,1.2134,0,0
8/6/2020,1.2156,1.2156,1.2156,1.2156,0,0
8/7/2020,1.201,1.201,1.201,1.201,0,0
8/10/2020,1.2219,1.2219,1.2219,1.2219,0,0
8/11/2020,1.2227,1.2227,1.2227,1.2227,0,0
8/12/2020,1.241,1.241,1.241,1.241,0,0
8/13/2020,1.2376,1.2376,1.2376,1.2376,0,0
8/14/2020,1.2487,1.2487,1.2487,1.2487,0,0
8/17/2020,1.2666,1.2666,1.2666,1.2666,0,0
8/18/2020,1.271,1.271,1.271,1.271,0,0
8/19/2020,1.2702,1.2702,1.2702,1.2702,0,0
8/20/2020,1.2629,1.2629,1.2629,1.2629,0,0
8/21/2020,1.2448,1.2448,1.2448,1.2448,0,0
8/24/2020,1.2644,1.2644,1.2644,1.2644,0,0
8/25/2020,1.276,1.276,1.276,1.276,0,0
8/26/2020,1.2773,1.2773,1.2773,1.2773,0,0
8/27/2020,1.2579,1.2579,1.2579,1.2579,0,0
8/28/2020,1.2743,1.2743,1.2743,1.2743,0,0
8/31/2020,1.2599,1.2599,1.2599,1.2599,0,0
9/1/2020,1.2684,1.2684,1.2684,1.2684,0,0
9/2/2020,1.2467,1.2467,1.2467,1.2467,0,0
9/3/2020,1.2484,1.2484,1.2484,1.2484,0,0
9/4/2020,1.2231,1.2231,1.2231,1.2231,0,0
9/8/2020,1.1733,1.1733,1.1733,1.1733,0,0
9/9/2020,1.1951,1.1951,1.1951,1.1951,0,0
9/10/2020,1.1837,1.1837,1.1837,1.1837,0,0
9/11/2020,1.1791,1.1791,1.1791,1.1791,0,0
9/14/2020,1.1877,1.1877,1.1877,1.1877,0,0
9/15/2020,1.2096,1.2096,1.2096,1.2096,0,0
9/16/2020,1.2418,1.2418,1.2418,1.2418,0,0
9/17/2020,1.2546,1.2546,1.2546,1.2546,0,0
9/18/2020,1.2522,1.2522,1.2522,1.2522,0,0
9/21/2020,1.2111,1.2111,1.2111,1.2111,0,0
9/22/2020,1.2089,1.2089,1.2089,1.2089,0,0
9/23/2020,1.2175,1.2175,1.2175,1.2175,0,0
9/24/2020,1.2231,1.2231,1.2231,1.2231,0,0
9/25/2020,1.2201,1.2201,1.2201,1.2201,0,0
9/28/2020,1.2288,1.2288,1.2288,1.2288,0,0
9/29/2020,1.1961,1.1961,1.1961,1.1961,0,0
9/30/2020,1.2117,1.2117,1.2117,1.2117,0,0
10/1/2020,1.1924,1.1924,1.1924,1.1924,0,0
10/2/2020,1.1618,1.1618,1.1618,1.1618,0,0
10/5/2020,1.2108,1.2108,1.2108,1.2108,0,0
10/6/2020,1.2434,1.2434,1.2434,1.2434,0,0
10/7/2020,1.2256,1.2256,1.2256,1.2256,0,0
10/8/2020,1.2511,1.2511,1.2511,1.2511,0,0
10/9/2020,1.238,1.238,1.238,1.238,0,0
10/12/2020,1.2135,1.2135,1.2135,1.2135,0,0
10/13/2020,1.2251,1.2251,1.2251,1.2251,0,0
10/14/2020,1.2373,1.2373,1.2373,1.2373,0,0
10/15/2020,1.2269,1.2269,1.2269,1.2269,0,0
10/16/2020,1.2177,1.2177,1.2177,1.2177,0,0
10/19/2020,1.2146,1.2146,1.2146,1.2146,0,0
10/20/2020,1.2261,1.2261,1.2261,1.2261,0,0
10/21/2020,1.1901,1.1901,1.1901,1.1901,0,0
10/22/2020,1.2062,1.2062,1.2062,1.2062,0,0
10/23/2020,1.1844,1.1844,1.1844,1.1844,0,0
10/26/2020,1.1593,1.1593,1.1593,1.1593,0,0
10/27/2020,1.1825,1.1825,1.1825,1.1825,0,0
10/28/2020,1.1368,1.1368,1.1368,1.1368,0,0
10/29/2020,1.1113,1.1113,1.1113,1.1113,0,0
10/30/2020,1.1253,1.1253,1.1253,1.1253,0,0
11/2/2020,1.1522,1.1522,1.1522,1.1522,0,0
11/3/2020,1.1691,1.1691,1.1691,1.1691,0,0
11/4/2020,1.1898,1.1898,1.1898,1.1898,0,0
11/5/2020,1.1799,1.1799,1.1799,1.1799,0,0
11/6/2020,1.152,1.152,1.152,1.152,0,0
11/9/2020,1.2226,1.2226,1.2226,1.2226,0,0
11/10/2020,1.2401,1.2401,1.2401,1.2401,0,0
11/11/2020,1.2425,1.2425,1.2425,1.2425,0,0
11/12/2020,1.2305,1.2305,1.2305,1.2305,0,0
11/13/2020,1.2087,1.2087,1.2087,1.2087,0,0
11/16/2020,1.2258,1.2258,1.2258,1.2258,0,0
11/17/2020,1.2253,1.2253,1.2253,1.2253,0,0
11/18/2020,1.2345,1.2345,1.2345,1.2345,0,0
11/19/2020,1.2324,1.2324,1.2324,1.2324,0,0
11/20/2020,1.2368,1.2368,1.2368,1.2368,0,0
11/23/2020,1.2465,1.2465,1.2465,1.2465,0,0
11/24/2020,1.2735,1.2735,1.2735,1.2735,0,0
11/25/2020,1.285,1.285,1.285,1.285,0,0
11/27/2020,1.281,1.281,1.281,1.281,0,0
11/30/2020,1.2738,1.2738,1.2738,1.2738,0,0
12/1/2020,1.244,1.244,1.244,1.244,0,0
12/2/2020,1.2478,1.2478,1.2478,1.2478,0,0
12/3/2020,1.2429,1.2429,1.2429,1.2429,0,0
12/4/2020,1.2541,1.2541,1.2541,1.2541,0,0
12/7/2020,1.2563,1.2563,1.2563,1.2563,0,0
12/8/2020,1.2576,1.2576,1.2576,1.2576,0,0
12/9/2020,1.258,1.258,1.258,1.258,0,0
12/10/2020,1.2778,1.2778,1.2778,1.2778,0,0
12/11/2020,1.2697,1.2697,1.2697,1.2697,0,0
12/14/2020,1.2779,1.2779,1.2779,1.2779,0,0
12/15/2020,1.2877,1.2877,1.2877,1.2877,0,0
12/16/2020,1.2993,1.2993,1.2993,1.2993,0,0
12/17/2020,1.3152,1.3152,1.3152,1.3152,0,0
12/18/2020,1.3247,1.3247,1.3247,1.3247,0,0
12/21/2020,1.3046,1.3046,1.3046,1.3046,0,0
12/22/2020,1.2885,1.2885,1.2885,1.2885,0,0
12/23/2020,1.3088,1.3088,1.3088,1.3088,0,0
12/24/2020,1.3116,1.3116,1.3116,1.3116,0,0
12/28/2020,1.2994,1.2994,1.2994,1.2994,0,0
12/29/2020,1.311,1.311,1.311,1.311,0,0
12/30/2020,1.3217,1.3217,1.3217,1.3217,0,0
12/31/2020,1.323,1.323,1.323,1.323,0,0
1/4/2021,1.3044,1.3044,1.3044,1.3044,0,0
1/5/2021,1.3505,1.3505,1.3505,1.3505,0,0
1/6/2021,1.3492,1.3492,1.3492,1.3492,0,0
1/7/2021,1.3521,1.3521,1.3521,1.3521,0,0
1/8/2021,1.3706,1.3706,1.3706,1.3706,0,0
1/11/2021,1.3592,1.3592,1.3592,1.3592,0,0
1/12/2021,1.3752,1.3752,1.3752,1.3752,0,0
1/13/2021,1.3687,1.3687,1.3687,1.3687,0,0
1/14/2021,1.3904,1.3904,1.3904,1.3904,0,0
1/15/2021,1.3774,1.3774,1.3774,1.3774,0,0
1/19/2021,1.382,1.382,1.382,1.382,0,0
1/20/2021,1.3807,1.3807,1.3807,1.3807,0,0
1/21/2021,1.3862,1.3862,1.3862,1.3862,0,0
1/22/2021,1.3691,1.3691,1.3691,1.3691,0,0
1/25/2021,1.375,1.375,1.375,1.375,0,0
1/26/2021,1.3739,1.3739,1.3739,1.3739,0,0
1/27/2021,1.3773,1.3773,1.3773,1.3773,0,0
1/28/2021,1.3727,1.3727,1.3727,1.3727,0,0
1/29/2021,1.3658,1.3658,1.3658,1.3658,0,0
2/1/2021,1.3928,1.3928,1.3928,1.3928,0,0
2/2/2021,1.4074,1.4074,1.4074,1.4074,0,0
2/3/2021,1.4188,1.4188,1.4188,1.4188,0,0
2/4/2021,1.4267,1.4267,1.4267,1.4267,0,0
2/5/2021,1.4292,1.4292,1.4292,1.4292,0,0
2/8/2021,1.4555,1.4555,1.4555,1.4555,0,0
2/9/2021,1.4643,1.4643,1.4643,1.4643,0,0
2/10/2021,1.4629,1.4629,1.4629,1.4629,0,0
2/11/2021,1.4582,1.4582,1.4582,1.4582,0,0
2/12/2021,1.4717,1.4717,1.4717,1.4717,0,0
2/16/2021,1.499,1.499,1.499,1.499,0,0
2/17/2021,1.5081,1.5081,1.5081,1.5081,0,0
2/18/2021,1.504,1.504,1.504,1.504,0,0
2/19/2021,1.4924,1.4924,1.4924,1.4924,0,0
2/22/2021,1.5276,1.5276,1.5276,1.5276,0,0
2/23/2021,1.5366,1.5366,1.5366,1.5366,0,0
2/24/2021,1.5356,1.5356,1.5356,1.5356,0,0
2/25/2021,1.5422,1.5422,1.5422,1.5422,0,0
2/26/2021,1.5054,1.5054,1.5054,1.5054,0,0
3/1/2021,1.4996,1.4996,1.4996,1.4996,0,0
3/2/2021,1.5008,1.5008,1.5008,1.5008,0,0
3/3/2021,1.524,1.524,1.524,1.524,0,0
3/4/2021,1.5566,1.5566,1.5566,1.5566,0,0
3/5/2021,1.5858,1.5858,1.5858,1.5858,0,0
3/8/2021,1.578,1.578,1.578,1.578,0,0
3/9/2021,1.5764,1.5764,1.5764,1.5764,0,0
3/10/2021,1.5926,1.5926,1.5926,1.5926,0,0
3/11/2021,1.6215,1.6215,1.6215,1.6215,0,0
3/12/2021,1.6251,1.6251,1.6251,1.6251,0,0
3/15/2021,1.6169,1.6169,1.6169,1.6169,0,0
3/16/2021,1.6174,1.6174,1.6174,1.6174,0,0
3/17/2021,1.6165,1.6165,1.6165,1.6165,0,0
3/18/2021,1.5443,1.5443,1.5443,1.5443,0,0
3/19/2021,1.5564,1.5564,1.5564,1.5564,0,0
3/22/2021,1.5646,1.5646,1.5646,1.5646,0,0
3/23/2021,1.5199,1.5199,1.5199,1.5199,0,0
3/24/2021,1.5762,1.5762,1.5762,1.5762,0,0
3/25/2021,1.5213,1.5213,1.5213,1.5213,0,0
3/26/2021,1.5558,1.5558,1.5558,1.5558,0,0
3/29/2021,1.5616,1.5616,1.5616,1.5616,0,0
3/30/2021,1.5505,1.5505,1.5505,1.5505,0,0
3/31/2021,1.5334,1.5334,1.5334,1.5334,0,0
4/1/2021,1.5831,1.5831,1.5831,1.5831,0,0
4/5/2021,1.5438,1.5438,1.5438,1.5438,0,0
4/6/2021,1.5581,1.5581,1.5581,1.5581,0,0
4/7/2021,1.5516,1.5516,1.5516,1.5516,0,0
4/8/2021,1.5506,1.5506,1.5506,1.5506,0,0
4/9/2021,1.5532,1.5532,1.5532,1.5532,0,0
4/12/2021,1.5601,1.5601,1.5601,1.5601,0,0
4/13/2021,1.5691,1.5691,1.5691,1.5691,0,0
4/14/2021,1.5904,1.5904,1.5904,1.5904,0,0
4/15/2021,1.582,1.582,1.582,1.582,0,0
4/16/2021,1.5796,1.5796,1.5796,1.5796,0,0
4/19/2021,1.5818,1.5818,1.5818,1.5818,0,0
4/20/2021,1.5664,1.5664,1.5664,1.5664,0,0
4/21/2021,1.5522,1.5522,1.5522,1.5522,0,0
4/22/2021,1.5507,1.5507,1.5507,1.5507,0,0
4/23/2021,1.5757,1.5757,1.5757,1.5757,0,0
4/26/2021,1.5736,1.5736,1.5736,1.5736,0,0
4/27/2021,1.5995,1.5995,1.5995,1.5995,0,0
4/28/2021,1.6249,1.6249,1.6249,1.6249,0,0
4/29/2021,1.6377,1.6377,1.6377,1.6377,0,0
4/30/2021,1.6094,1.6094,1.6094,1.6094,0,0
5/3/2021,1.6315,1.6315,1.6315,1.6315,0,0
5/4/2021,1.6473,1.6473,1.6473,1.6473,0,0
5/5/2021,1.6532,1.6532,1.6532,1.6532,0,0
5/6/2021,1.6375,1.6375,1.6375,1.6375,0,0
5/7/2021,1.6587,1.6587,1.6587,1.6587,2,2
5/10/2021,1.6685,1.6685,1.6685,1.6685,0,2
5/11/2021,1.6796,1.6796,1.6796,1.6796,0,2
5/12/2021,1.695,1.695,1.695,1.695,0,2
5/13/2021,1.6476,1.6476,1.6476,1.6476,0,2
5/14/2021,1.6713,1.6713,1.6713,1.6713,0,2
5/17/2021,1.6847,1.6847,1.6847,1.6847,0,2
5/18/2021,1.6808,1.6808,1.6808,1.6808,0,2
5/19/2021,1.6361,1.6361,1.6361,1.6361,0,2
5/20/2021,1.6149,1.6149,1.6149,1.6149,0,2
5/21/2021,1.647,1.647,1.647,1.647,0,2
5/24/2021,1.6868,1.6868,1.6868,1.6868,0,2
5/25/2021,1.6899,1.6899,1.6899,1.6899,0,2
5/26/2021,1.701,1.701,1.701,1.701,0,2
5/27/2021,1.7075,1.7075,1.7075,1.7075,0,2
5/28/2021,1.6884,1.6884,1.6884,1.6884,0,2
6/1/2021,1.7121,1.7121,1.7121,1.7121,0,2
6/2/2021,1.7338,1.7338,1.7338,1.7338,0,2
6/3/2021,1.7364,1.7364,1.7364,1.7364,0,2
6/4/2021,1.7435,1.7435,1.7435,1.7435,0,2
6/7/2021,1.7402,1.7402,1.7402,1.7402,0,2
6/8/2021,1.7633,1.7633,1.7633,1.7633,0,2
6/9/2021,1.7534,1.7534,1.7534,1.7534,0,2
6/10/2021,1.7594,1.7594,1.7594,1.7594,0,2
6/11/2021,1.7415,1.7415,1.7415,1.7415,0,2
6/14/2021,1.7386,1.7386,1.7386,1.7386,0,2
6/15/2021,1.7385,1.7385,1.7385,1.7385,0,2
6/16/2021,1.7251,1.7251,1.7251,1.7251,0,2
6/17/2021,1.6891,1.6891,1.6891,1.6891,0,2
6/18/2021,1.722,1.722,1.722,1.722,0,2
6/21/2021,1.7461,1.7461,1.7461,1.7461,0,2
6/22/2021,1.7591,1.7591,1.7591,1.7591,0,2
6/23/2021,1.7844,1.7844,1.7844,1.7844,0,2
6/24/2021,1.7868,1.7868,1.7868,1.7868,0,2
6/25/2021,1.7708,1.7708,1.7708,1.7708,0,2
6/28/2021,1.7451,1.7451,1.7451,1.7451,0,2
6/29/2021,1.7565,1.7565,1.7565,1.7565,0,2
6/30/2021,1.7551,1.7551,1.7551,1.7551,0,2
7/1/2021,1.772,1.772,1.772,1.772,0,2
7/2/2021,1.7956,1.7956,1.7956,1.7956,0,2
7/6/2021,1.7269,1.7269,1.7269,1.7269,0,2
7/7/2021,1.7149,1.7149,1.7149,1.7149,0,2
7/8/2021,1.7418,1.7418,1.7418,1.7418,0,2
7/9/2021,1.7683,1.7683,1.7683,1.7683,0,2
7/12/2021,1.7595,1.7595,1.7595,1.7595,0,2
7/13/2021,1.7923,1.7923,1.7923,1.7923,0,2
7/14/2021,1.7557,1.7557,1.7557,1.7557,0,2
7/15/2021,1.7216,1.7216,1.7216,1.7216,0,2
7/16/2021,1.7298,1.7298,1.7298,1.7298,0,2
7/19/2021,1.6241,1.6241,1.6241,1.6241,0,2
7/20/2021,1.6443,1.6443,1.6443,1.6443,0,2
7/21/2021,1.6892,1.6892,1.6892,1.6892,0,2
7/22/2021,1.7164,1.7164,1.7164,1.7164,0,2
7/23/2021,1.7247,1.7247,1.7247,1.7247,0,2
7/26/2021,1.7284,1.7284,1.7284,1.7284,0,2
7/27/2021,1.7299,1.7299,1.7299,1.7299,0,2
7/28/2021,1.7375,1.7375,1.7375,1.7375,0,2
7/29/2021,1.7676,1.7676,1.7676,1.7676,0,2
7/30/2021,1.7681,1.7681,1.7681,1.7681,0,2
8/2/2021,1.7164,1.7164,1.7164,1.7164,0,2
8/3/2021,1.7201,1.7201,1.7201,1.7201,0,2
8/4/2021,1.6955,1.6955,1.6955,1.6955,0,2
8/5/2021,1.7193,1.7193,1.7193,1.7193,0,2
8/6/2021,1.7072,1.7072,1.7072,1.7072,0,2
8/9/2021,1.6704,1.6704,1.6704,1.6704,0,2
8/10/2021,1.7016,1.7016,1.7016,1.7016,0,2
8/11/2021,1.7266,1.7266,1.7266,1.7266,0,2
8/12/2021,1.7212,1.7212,1.7212,1.7212,0,2
8/13/2021,1.7068,1.7068,1.7068,1.7068,0,2
8/16/2021,1.6749,1.6749,1.6749,1.6749,0,2
8/17/2021,1.6585,1.6585,1.6585,1.6585,0,2
8/18/2021,1.6434,1.6434,1.6434,1.6434,0,2
8/19/2021,1.6247,1.6247,1.6247,1.6247,0,2
8/20/2021,1.5964,1.5964,1.5964,1.5964,0,2
8/23/2021,1.6728,1.6728,1.6728,1.6728,0,2
8/24/2021,1.7173,1.7173,1.7173,1.7173,0,2
8/25/2021,1.7558,1.7558,1.7558,1.7558,0,2
8/26/2021,1.7176,1.7176,1.7176,1.7176,0,2
8/27/2021,1.7434,1.7434,1.7434,1.7434,0,2
8/30/2021,1.7568,1.7568,1.7568,1.7568,0,2
8/31/2021,1.7454,1.7454,1.7454,1.7454,0,2
9/1/2021,1.7473,1.7473,1.7473,1.7473,0,2
9/2/2021,1.769,1.769,1.769,1.769,0,2
9/3/2021,1.7599,1.7599,1.7599,1.7599,0,2
9/7/2021,1.7382,1.7382,1.7382,1.7382,0,2
9/8/2021,1.7474,1.7474,1.7474,1.7474,0,2
9/9/2021,1.72,1.72,1.72,1.72,0,2
9/10/2021,1.7623,1.7623,1.7623,1.7623,0,2
9/13/2021,1.7676,1.7676,1.7676,1.7676,0,2
9/14/2021,1.7664,1.7664,1.7664,1.7664,0,2
9/15/2021,1.7785,1.7785,1.7785,1.7785,0,2
9/16/2021,1.7703,1.7703,1.7703,1.7703,0,2
9/17/2021,1.7527,1.7527,1.7527,1.7527,0,2
9/20/2021,1.7061,1.7061,1.7061,1.7061,0,2
9/21/2021,1.7177,1.7177,1.7177,1.7177,0,2
9/22/2021,1.7397,1.7397,1.7397,1.7397,0,2
9/23/2021,1.7577,1.7577,1.7577,1.7577,0,2
9/24/2021,1.7616,1.7616,1.7616,1.7616,0,2
9/27/2021,1.7968,1.7968,1.7968,1.7968,0,2
9/28/2021,1.7898,1.7898,1.7898,1.7898,0,2
9/29/2021,1.806,1.806,1.806,1.806,0,2
9/30/2021,1.8147,1.8147,1.8147,1.8147,0,2
10/1/2021,1.861,1.861,1.861,1.861,5,3
10/4/2021,1.8966,1.8966,1.8966,1.8966,0,3
10/5/2021,1.9096,1.9096,1.9096,1.9096,0,3
10/6/2021,1.8702,1.8702,1.8702,1.8702,0,3
10/7/2021,1.8904,1.8904,1.8904,1.8904,0,3
10/8/2021,1.8947,1.8947,1.8947,1.8947,0,3
10/11/2021,1.9128,1.9128,1.9128,1.9128,0,3
10/12/2021,1.9126,1.9126,1.9126,1.9126,0,3
10/13/2021,1.9222,1.9222,1.9222,1.9222,0,3
10/14/2021,1.9368,1.9368,1.9368,1.9368,0,3
10/15/2021,1.9521,1.9521,1.9521,1.9521,0,3
10/18/2021,1.9415,1.9415,1.9415,1.9415,0,3
10/19/2021,1.9478,1.9478,1.9478,1.9478,0,3
10/20/2021,1.9703,1.9703,1.9703,1.9703,0,3
10/21/2021,1.935,1.935,1.935,1.935,0,3
10/22/2021,1.9176,1.9176,1.9176,1.9176,0,3
10/25/2021,1.9281,1.9281,1.9281,1.9281,0,3
10/26/2021,1.9314,1.9314,1.9314,1.9314,0,3
10/27/2021,1.8923,1.8923,1.8923,1.8923,0,3
10/28/2021,1.8829,1.8829,1.8829,1.8829,0,3
10/29/2021,1.8852,1.8852,1.8852,1.8852,0,3
11/1/2021,1.8986,1.8986,1.8986,1.8986,0,3
11/2/2021,1.9132,1.9132,1.9132,1.9132,0,3
11/3/2021,1.8679,1.8679,1.8679,1.8679,0,3
11/4/2021,1.8623,1.8623,1.8623,1.8623,0,3
11/5/2021,1.9036,1.9036,1.9036,1.9036,0,3
11/8/2021,1.8999,1.8999,1.8999,1.8999,0,3
11/9/2021,1.9214,1.9214,1.9214,1.9214,0,3
11/10/2021,1.8658,1.8658,1.8658,1.8658,0,3
11/11/2021,1.8884,1.8884,1.8884,1.8884,0,3
11/12/2021,1.8876,1.8876,1.8876,1.8876,0,3
11/15/2021,1.9016,1.9016,1.9016,1.9016,0,3
11/16/2021,1.9054,1.9054,1.9054,1.9054,0,3
11/17/2021,1.8696,1.8696,1.8696,1.8696,0,3
11/18/2021,1.8871,1.8871,1.8871,1.8871,0,3
11/19/2021,1.8346,1.8346,1.8346,1.8346,0,3
11/22/2021,1.8763,1.8763,1.8763,1.8763,0,3
11/23/2021,1.9292,1.9292,1.9292,1.9292,0,3
11/24/2021,1.9148,1.9148,1.9148,1.9148,0,3
11/26/2021,1.7177,1.7177,1.7177,1.7177,0,3
11/29/2021,1.783,1.783,1.783,1.783,1,4
11/30/2021,1.7037,1.7037,1.7037,1.7037,0,4
12/1/2021,1.7148,1.7148,1.7148,1.7148,0,4
12/2/2021,1.7125,1.7125,1.7125,1.7125,0,4
12/3/2021,1.6983,1.6983,1.6983,1.6983,0,4
12/6/2021,1.7631,1.7631,1.7631,1.7631,0,4
12/7/2021,1.8178,1.8178,1.8178,1.8178,0,4
12/8/2021,1.86,1.86,1.86,1.86,0,4
12/9/2021,1.8438,1.8438,1.8438,1.8438,0,4
12/10/2021,1.8511,1.8511,1.8511,1.8511,0,4
12/13/2021,1.834,1.834,1.834,1.834,0,4
12/14/2021,1.8173,1.8173,1.8173,1.8173,0,4
12/15/2021,1.8134,1.8134,1.8134,1.8134,0,4
12/16/2021,1.8504,1.8504,1.8504,1.8504,0,4
12/17/2021,1.8062,1.8062,1.8062,1.8062,0,4
12/20/2021,1.7665,1.7665,1.7665,1.7665,0,4
12/21/2021,1.8186,1.8186,1.8186,1.8186,0,4
12/22/2021,1.8341,1.8341,1.8341,1.8341,0,4
12/23/2021,1.8524,1.8524,1.8524,1.8524,0,4
12/27/2021,1.8897,1.8897,1.8897,1.8897,0,4
12/28/2021,1.9058,1.9058,1.9058,1.9058,0,4
12/29/2021,1.918,1.918,1.918,1.918,0,4
12/30/2021,1.929,1.929,1.929,1.929,0,4
12/31/2021,1.8751,1.8751,1.8751,1.8751,0,4
1/3/2022,1.9068,1.9068,1.9068,1.9068,0,4
1/4/2022,1.9262,1.9262,1.9262,1.9262,0,4
1/5/2022,1.9388,1.9388,1.9388,1.9388,0,4
1/6/2022,1.9541,1.9541,1.9541,1.9541,0,4
1/7/2022,1.9542,1.9542,1.9542,1.9542,0,4
1/10/2022,1.9405,1.9405,1.9405,1.9405,0,4
1/11/2022,1.9815,1.9815,1.9815,1.9815,0,4
1/12/2022,1.9858,1.9858,1.9858,1.9858,0,4
1/13/2022,1.9793,1.9793,1.9793,1.9793,0,4
1/14/2022,2.0002,2.0002,2.0002,2.0002,10,14
1/18/2022,2.0111,2.0111,2.0111,2.0111,0,14
1/19/2022,2.0188,2.0188,2.0188,2.0188,1,13
1/20/2022,2.0253,2.0253,2.0253,2.0253,0,13
1/21/2022,2.0151,2.0151,2.0151,2.0151,0,13
1/24/2022,1.994,1.994,1.994,1.994,0,13
1/25/2022,2.0277,2.0277,2.0277,2.0277,0,13
1/26/2022,2.0513,2.0513,2.0513,2.0513,0,13
1/27/2022,2.0358,2.0358,2.0358,2.0358,0,13
1/28/2022,2.0297,2.0297,2.0297,2.0297,0,13
1/31/2022,2.0362,2.0362,2.0362,2.0362,0,13
2/1/2022,2.0456,2.0456,2.0456,2.0456,0,13
2/2/2022,2.0691,2.0691,2.0691,2.0691,4,13
2/3/2022,2.0882,2.0882,2.0882,2.0882,0,13
2/4/2022,2.1121,2.1121,2.1121,2.1121,0,13
2/7/2022,2.1141,2.1141,2.1141,2.1141,0,13
2/8/2022,2.0837,2.0837,2.0837,2.0837,0,13
2/9/2022,2.1228,2.1228,2.1228,2.1228,0,13
2/10/2022,2.1206,2.1206,2.1206,2.1206,0,13
2/11/2022,2.1547,2.1547,2.1547,2.1547,0,13
2/14/2022,2.1714,2.1714,2.1714,2.1714,0,13
2/15/2022,2.1048,2.1048,2.1048,2.1048,0,13
2/16/2022,2.1268,2.1268,2.1268,2.1268,0,13
2/17/2022,2.1167,2.1167,2.1167,2.1167,1,12
2/18/2022,2.1427,2.1427,2.1427,2.1427,0,12
2/22/2022,2.1682,2.1682,2.1682,2.1682,0,12
2/23/2022,2.1901,2.1901,2.1901,2.1901,0,12
2/24/2022,2.15,2.15,2.15,2.15,0,12
2/25/2022,2.121,2.121,2.121,2.121,0,12
2/28/2022,2.1418,2.1418,2.1418,2.1418,0,12
3/1/2022,2.1792,2.1792,2.1792,2.1792,0,12
3/2/2022,2.2725,2.2725,2.2725,2.2725,0,12
3/3/2022,2.2752,2.2752,2.2752,2.2752,0,12
3/4/2022,2.4254,2.4254,2.4254,2.4254,0,12
3/7/2022,2.4384,2.4384,2.4384,2.4384,24,35
3/8/2022,2.3957,2.3957,2.3957,2.3957,5,40
3/9/2022,2.1921,2.1921,2.1921,2.1921,21,58
3/10/2022,2.1913,2.1913,2.1913,2.1913,5,58
3/11/2022,2.2738,2.2738,2.2738,2.2738,5,58
3/14/2022,2.19,2.19,2.19,2.19,0,58
3/15/2022,2.147,2.147,2.147,2.147,0,58
3/16/2022,2.1275,2.1275,2.1275,2.1275,11,68
3/17/2022,2.2407,2.2407,2.2407,2.2407,0,68
3/18/2022,2.2519,2.2519,2.2519,2.2519,0,68
3/21/2022,2.296,2.296,2.296,2.296,0,68
3/22/2022,2.2845,2.2845,2.2845,2.2845,0,68
3/23/2022,2.3289,2.3289,2.3289,2.3289,0,68
3/24/2022,2.2801,2.2801,2.2801,2.2801,0,68
3/25/2022,2.3145,2.3145,2.3145,2.3145,0,68
3/28/2022,2.2143,2.2143,2.2143,2.2143,0,68
3/29/2022,2.2195,2.2195,2.2195,2.2195,0,68
3/30/2022,2.287,2.287,2.287,2.287,0,68
3/31/2022,2.2598,2.2598,2.2598,2.2598,0,68
4/1/2022,2.3222,2.3222,2.3222,2.3222,0,68
4/4/2022,2.3706,2.3706,2.3706,2.3706,0,68
4/5/2022,2.3572,2.3572,2.3572,2.3572,0,68
4/6/2022,2.2896,2.2896,2.2896,2.2896,0,68
4/7/2022,2.333,2.333,2.333,2.333,0,68
4/8/2022,2.3585,2.3585,2.3585,2.3585,0,68
4/11/2022,2.3123,2.3123,2.3123,2.3123,0,68
4/12/2022,2.3838,2.3838,2.3838,2.3838,0,68
4/13/2022,2.4189,2.4189,2.4189,2.4189,0,68
4/14/2022,2.435,2.435,2.435,2.435,0,68
4/18/2022,2.4319,2.4319,2.4319,2.4319,5,73
4/19/2022,2.3449,2.3449,2.3449,2.3449,2,75
4/20/2022,2.3599,2.3599,2.3599,2.3599,0,75
4/21/2022,2.3995,2.3995,2.3995,2.3995,0,75
4/22/2022,2.3527,2.3527,2.3527,2.3527,0,75
4/25/2022,2.3145,2.3145,2.3145,2.3145,0,75
4/26/2022,2.3367,2.3367,2.3367,2.3367,0,75
4/27/2022,2.3328,2.3328,2.3328,2.3328,0,75
4/28/2022,2.3398,2.3398,2.3398,2.3398,0,75
4/29/2022,2.3196,2.3196,2.3196,2.3196,0,75
5/2/2022,2.3411,2.3411,2.3411,2.3411,0,75
5/3/2022,2.3654,2.3654,2.3654,2.3654,0,75
5/4/2022,2.469,2.469,2.469,2.469,0,75
5/5/2022,2.4774,2.4774,2.4774,2.4774,0,75
5/6/2022,2.4796,2.4796,2.4796,2.4796,0,75
5/9/2022,2.3561,2.3561,2.3561,2.3561,0,75
5/10/2022,2.3188,2.3188,2.3188,2.3188,0,75
5/11/2022,2.4207,2.4207,2.4207,2.4207,0,75
5/12/2022,2.409,2.409,2.409,2.409,0,75
5/13/2022,2.4597,2.4597,2.4597,2.4597,0,75
5/16/2022,2.4769,2.4769,2.4769,2.4769,0,75
5/17/2022,2.4496,2.4496,2.4496,2.4496,0,75
5/18/2022,2.3825,2.3825,2.3825,2.3825,0,75
5/19/2022,2.4122,2.4122,2.4122,2.4122,0,75
5/20/2022,2.3996,2.3996,2.3996,2.3996,36,48
5/23/2022,2.4117,2.4117,2.4117,2.4117,0,48
5/24/2022,2.4057,2.4057,2.4057,2.4057,0,48
5/25/2022,2.4401,2.4401,2.4401,2.4401,0,48
5/26/2022,2.4342,2.4342,2.4342,2.4342,0,48
5/27/2022,2.4271,2.4271,2.4271,2.4271,0,48
5/31/2022,2.3935,2.3935,2.3935,2.3935,0,48
6/1/2022,2.426,2.426,2.426,2.426,1,49
6/2/2022,2.4877,2.4877,2.4877,2.4877,1,50
6/3/2022,2.5129,2.5129,2.5129,2.5129,0,50
6/6/2022,2.5011,2.5011,2.5011,2.5011,0,50
6/7/2022,2.5566,2.5566,2.5566,2.5566,0,50
6/8/2022,2.5739,2.5739,2.5739,2.5739,15,65
6/9/2022,2.5705,2.5705,2.5705,2.5705,23,76
6/10/2022,2.5697,2.5697,2.5564,2.5564,18,78
6/13/2022,2.5547,2.5547,2.5547,2.5547,17,79
6/14/2022,2.5241,2.5241,2.5241,2.5241,13,80
6/15/2022,2.4925,2.4925,2.4925,2.4925,34,80
6/16/2022,2.5208,2.5212,2.5208,2.5212,57,81
6/17/2022,2.4188,2.4188,2.4188,2.4188,86,99
6/21/2022,2.4252,2.4252,2.4252,2.4252,28,106
6/22/2022,2.4148,2.4148,2.4148,2.4148,30,98
6/23/2022,2.3337,2.3337,2.3337,2.3337,3,95
6/24/2022,2.377,2.377,2.377,2.377,16,98
6/27/2022,2.398,2.398,2.398,2.398,29,110
6/28/2022,2.4788,2.4788,2.4788,2.4788,2,110
6/29/2022,2.4214,2.4214,2.4214,2.4214,0,110
6/30/2022,2.3768,2.3768,2.3768,2.3768,0,110
7/1/2022,2.4115,2.4115,2.4115,2.4115,5,113
7/5/2022,2.2339,2.2339,2.2339,2.2339,0,113
7/6/2022,2.1735,2.1735,2.1735,2.1735,4,117
7/7/2022,2.2687,2.2687,2.2687,2.2687,2,119
7/8/2022,2.3148,2.3148,2.3148,2.3148,0,119
7/11/2022,2.3319,2.3319,2.3319,2.3319,0,119
7/12/2022,2.1976,2.1976,2.1976,2.1976,0,119
7/13/2022,2.2163,2.2163,2.2163,2.2163,0,119
7/14/2022,2.184,2.184,2.184,2.184,0,119
7/15/2022,2.2124,2.2124,2.2124,2.2124,3,122
7/18/2022,2.2913,2.2913,2.2913,2.2913,0,122
7/19/2022,2.3096,2.3096,2.3096,2.3096,12,132
7/20/2022,2.3025,2.3025,2.3025,2.3025,21,153
7/21/2022,2.2523,2.2523,2.2523,2.2523,2,152
7/22/2022,2.2388,2.2388,2.2388,2.2388,0,152
7/25/2022,2.2824,2.2824,2.2824,2.2824,0,152
7/26/2022,2.2879,2.2879,2.2879,2.2879,0,152
7/27/2022,2.3439,2.3439,2.3439,2.3439,21,168
7/28/2022,2.3266,2.3266,2.3266,2.3266,0,168
7/29/2022,2.3775,2.3775,2.3438,2.3438,0,168
8/1/2022,2.281,2.281,2.281,2.281,47,195
8/2/2022,2.3104,2.3104,2.3104,2.3104,0,195
8/3/2022,2.2615,2.2615,2.2615,2.2615,0,195
8/4/2022,2.1977,2.1977,2.1977,2.1977,0,195
8/5/2022,2.2025,2.2025,2.2025,2.2025,0,195
8/8/2022,2.2275,2.2648,2.2225,2.2648,0,195
8/9/2022,2.265,2.265,2.25,2.2649,26,209
8/10/2022,2.3255,2.3255,2.308,2.3255,21,221
8/11/2022,2.3456,2.3456,2.3456,2.3456,13,227
8/12/2022,2.3245,2.3245,2.3245,2.3245,0,227
8/15/2022,2.2724,2.2724,2.2724,2.2724,0,227
8/16/2022,2.2396,2.2396,2.2396,2.2396,0,227
8/17/2022,2.2436,2.2713,2.2436,2.2713,2,227
8/18/2022,2.2988,2.2988,2.295,2.2979,10,237
8/19/2022,2.3149,2.3149,2.3149,2.3149,33,248
8/22/2022,2.2982,2.2982,2.2982,2.2982,0,248
8/23/2022,2.3082,2.3199,2.3082,2.3199,28,267
8/24/2022,2.2971,2.2971,2.2971,2.2971,35,283
8/25/2022,2.2463,2.2463,2.2463,2.2463,2,284
8/26/2022,2.2501,2.2501,2.2501,2.2501,0,284
8/29/2022,2.2985,2.2985,2.2985,2.2985,30,301
8/30/2022,2.2107,2.2107,2.2107,2.2107,0,301
8/31/2022,2.1759,2.1759,2.1759,2.1759,23,311
9/1/2022,2.1357,2.1357,2.1357,2.1357,12,318
9/2/2022,2.173,2.173,2.173,2.173,8,317
9/6/2022,2.1423,2.1423,2.1423,2.1423,9,317
9/7/2022,2.0865,2.0865,2.0664,2.0664,0,317
9/8/2022,2.1037,2.1037,2.1037,2.1037,15,322
9/9/2022,2.1844,2.1844,2.1844,2.1844,0,322
9/12/2022,2.1874,2.2043,2.1874,2.2043,0,322
9/13/2022,2.1973,2.1973,2.1973,2.1973,28,339
9/14/2022,2.2229,2.2229,2.2229,2.2229,2,340
9/15/2022,2.1457,2.1457,2.1457,2.1457,8,339
9/16/2022,2.1432,2.1432,2.1432,2.1432,0,339
9/19/2022,2.1532,2.1532,2.1532,2.1532,3,340
9/20/2022,2.1144,2.1144,2.1144,2.1144,3,340
9/21/2022,2.1118,2.1118,2.1118,2.1118,0,340
9/22/2022,2.127,2.127,2.127,2.127,28,348
9/23/2022,2.04,2.04,2.04,2.04,0,348
9/26/2022,2.03,2.03,1.9869,1.9869,0,348
9/27/2022,2.0267,2.0267,2.0267,2.0267,40,365
9/28/2022,2.0962,2.0962,2.0962,2.0962,13,378
9/29/2022,2.0491,2.0491,2.0491,2.0491,38,409
9/30/2022,2.025,2.025,2.025,2.025,15,412
10/3/2022,2.1,2.1,2.0874,2.0874,28,413
10/4/2022,2.1577,2.1577,2.1577,2.1577,188,543
10/5/2022,2.1973,2.1973,2.1973,2.1973,1,544
10/6/2022,2.2111,2.2111,2.2111,2.2111,0,544
10/7/2022,2.2639,2.2639,2.2639,2.2639,2,546
10/10/2022,2.2037,2.2037,2.2037,2.2037,5,546
10/11/2022,2.18,2.1891,2.18,2.1891,0,546
10/12/2022,2.1694,2.1694,2.1694,2.1694,3,546
10/13/2022,2.1875,2.2205,2.1875,2.2205,3,543
10/14/2022,2.1669,2.1669,2.1669,2.1669,229,593
10/17/2022,2.1584,2.1584,2.1584,2.1584,1,592
10/18/2022,2.1684,2.1731,2.1684,2.1731,29,595
10/19/2022,2.179,2.2002,2.161,2.2002,45,594
10/20/2022,2.167,2.167,2.167,2.167,139,619
10/21/2022,2.17,2.17,2.1696,2.1696,29,628
10/24/2022,2.1496,2.1596,2.147,2.1596,37,656
10/25/2022,2.1951,2.1951,2.1951,2.1951,32,666
10/26/2022,2.22,2.2272,2.22,2.2272,11,676
10/27/2022,2.2358,2.2358,2.2358,2.2358,50,696
10/28/2022,2.1998,2.1998,2.1998,2.1998,46,658
10/31/2022,2.1874,2.1874,2.1874,2.1874,8,658
11/1/2022,2.2311,2.2311,2.2311,2.2311,22,675
11/2/2022,2.263,2.2675,2.262,2.2675,16,675
11/3/2022,2.23,2.2459,2.23,2.2459,204,678
11/4/2022,2.29,2.3122,2.29,2.3122,176,744
11/7/2022,2.2904,2.2904,2.2904,2.2904,402,831
11/8/2022,2.2477,2.2477,2.2477,2.2477,65,894
11/9/2022,2.1953,2.1953,2.1953,2.1953,94,924
11/10/2022,2.2252,2.2252,2.2252,2.2252,47,941
11/11/2022,2.2808,2.2808,2.2808,2.2808,27,955
11/14/2022,2.2675,2.2675,2.2279,2.2279,109,943
11/15/2022,2.235,2.252,2.235,2.252,101,886
11/16/2022,2.2248,2.2248,2.2248,2.2248,62,906
11/17/2022,2.1783,2.1783,2.1783,2.1783,52,913
11/18/2022,2.1424,2.1424,2.1424,2.1424,31,913
11/21/2022,2.1644,2.1644,2.1644,2.1644,42,910
11/22/2022,2.1887,2.1887,2.1887,2.1887,387,1190
11/23/2022,2.1767,2.1767,2.1767,2.1767,5,1190
11/25/2022,2.119,2.119,2.119,2.119,28,1204
11/28/2022,2.137,2.137,2.137,2.137,44,1199
11/29/2022,2.1686,2.1686,2.1686,2.1686,273,1303
11/30/2022,2.2499,2.2499,2.2499,2.2499,212,1450
12/1/2022,2.24,2.24,2.2273,2.2273,125,1472
12/2/2022,2.225,2.225,2.2033,2.2101,495,1716
12/5/2022,2.1575,2.1581,2.1575,2.1581,4762,3762
12/6/2022,2.11,2.11,2.1055,2.1055,4325,5276
12/7/2022,2.0675,2.0675,2.0389,2.0389,4778,7065
12/8/2022,2.0285,2.0285,2.0096,2.0096,4634,8817
12/9/2022,2.0204,2.0204,2.0026,2.0089,4919,11045
12/12/2022,2.043,2.043,2.043,2.043,848,10945
12/13/2022,2.0859,2.09,2.0675,2.0803,622,10735
12/14/2022,2.0901,2.1404,2.09,2.1357,306,10614
12/15/2022,2.0948,2.095,2.08,2.0852,962,10493
12/16/2022,2.0449,2.05,2.0275,2.0275,215,10479
12/19/2022,2.0435,2.057,2.038,2.054,2122,9611
12/20/2022,2.0551,2.083,2.0405,2.0816,619,9339
12/21/2022,2.1105,2.1364,2.11,2.1276,516,9283
12/22/2022,2.11,2.1183,2.0943,2.1091,309,9332
12/23/2022,2.2039,2.214,2.2039,2.2093,671,9425
12/27/2022,2.194,2.2005,2.194,2.1945,1099,9364
12/28/2022,2.18,2.188,2.18,2.186,621,9472
12/29/2022,2.171,2.178,2.1632,2.1771,246,9463
12/30/2022,2.1891,2.253,2.1891,2.2524,54,9474
1/3/2023,2.18,2.1857,2.153,2.1577,222,9397
1/4/2023,2.0906,2.0989,2.0821,2.0877,241,9439
1/5/2023,2.1299,2.1299,2.0813,2.0929,1325,9805
1/6/2023,2.0813,2.0848,2.0759,2.0803,410,9724
1/9/2023,2.1337,2.1337,2.1148,2.1191,310,9761
1/10/2023,2.1466,2.1466,2.1252,2.1264,91,9770
1/11/2023,2.1626,2.1984,2.1602,2.1958,172,9779
1/12/2023,2.213,2.2255,2.2113,2.2195,488,9785
1/13/2023,2.2152,2.2614,2.2152,2.2576,874,9809
1/17/2023,2.2654,2.2821,2.253,2.2553,554,9774
1/18/2023,2.2828,2.2989,2.2379,2.2436,344,9958
1/19/2023,2.2749,2.2749,2.2704,2.2724,483,10059
1/20/2023,2.2825,2.2935,2.2825,2.2917,643,9765
1/23/2023,2.301,2.3028,2.3008,2.3012,923,9782
1/24/2023,2.3024,2.3024,2.2717,2.2717,334,9779
1/25/2023,2.2751,2.2751,2.248,2.248,697,9776
1/26/2023,2.2699,2.2704,2.2677,2.268,387,9771
1/27/2023,2.2862,2.2862,2.2373,2.2416,160,9777
1/30/2023,2.197,2.197,2.197,2.197,864,9745
1/31/2023,2.1914,2.2408,2.1859,2.2352,187,9744
2/1/2023,2.1614,2.1683,2.1614,2.1662,310,9751
2/2/2023,2.1683,2.1683,2.1464,2.1529,155,9736
2/3/2023,2.18,2.18,2.0595,2.0661,660,9777
2/6/2023,2.0664,2.0935,2.04,2.0932,894,9772
2/7/2023,2.1153,2.152,2.1142,2.1518,328,9782
2/8/2023,2.1535,2.1882,2.1528,2.1882,331,9853
2/9/2023,2.1685,2.1787,2.158,2.1766,109,9865
2/10/2023,2.2111,2.2169,2.2082,2.2157,402,9836
2/13/2023,2.2009,2.2266,2.1947,2.2266,738,9827
2/14/2023,2.202,2.2144,2.1955,2.2144,205,9835
2/15/2023,2.228,2.228,2.2174,2.2174,102,9845
2/16/2023,2.2157,2.2254,2.2074,2.2214,121,9832
2/17/2023,2.1593,2.2,2.153,2.1959,476,9766
2/21/2023,2.2008,2.2039,2.1883,2.1892,522,9636
2/22/2023,2.1375,2.1462,2.137,2.1454,218,9634
2/23/2023,2.1655,2.1676,2.1642,2.1666,311,9625
2/24/2023,2.1242,2.1872,2.1242,2.1862,94,9619
2/27/2023,2.1695,2.1748,2.168,2.1721,267,9617
2/28/2023,2.2122,2.2122,2.1996,2.2112,97,9621
3/1/2023,2.2006,2.2347,2.2003,2.2343,287,9614
3/2/2023,2.2344,2.2532,2.2344,2.2503,383,9680
3/3/2023,2.2301,2.2987,2.2043,2.2937,865,9714
3/6/2023,2.2716,2.3135,2.2695,2.3135,444,9785
3/7/2023,2.2973,2.2973,2.237,2.2463,359,9716
3/8/2023,2.2201,2.2374,2.2183,2.2289,404,9671
3/9/2023,2.229,2.235,2.1815,2.1815,211,9647
3/10/2023,2.1811,2.2119,2.1802,2.2115,903,9776
3/13/2023,2.1351,2.1655,2.133,2.165,537,9693
3/14/2023,2.1238,2.1424,2.1003,2.1051,356,9718
3/15/2023,2.0517,2.0517,1.991,2.0021,449,9657
3/16/2023,2.002,2.0333,1.9866,2.0317,1459,9767
3/17/2023,2.0171,2.0212,1.9906,2.0048,699,9883
3/20/2023,1.9886,2.0339,1.9879,2.0331,577,9809
3/21/2023,2.0455,2.0513,2.0352,2.0507,333,9856
3/22/2023,2.0592,2.077,2.0561,2.077,208,9854
3/23/2023,2.0726,2.0928,2.0629,2.0651,147,9861
3/24/2023,2.0275,2.0529,2.0275,2.0505,464,9856
3/27/2023,2.0805,2.1329,2.0798,2.1329,562,9735
3/28/2023,2.126,2.1452,2.125,2.1398,331,9683
3/29/2023,2.1505,2.1505,2.1079,2.115,1003,9592
3/30/2023,2.1356,2.1356,2.1321,2.1321,1125,9726
3/31/2023,2.1569,2.1739,2.1569,2.172,82,9724
4/3/2023,2.245,2.251,2.2411,2.2471,253,9719
4/4/2023,2.249,2.264,2.2265,2.2329,1057,9908
4/5/2023,2.2399,2.2632,2.2314,2.2564,3181,8895
4/6/2023,2.2521,2.2731,2.2478,2.2702,1296,9184
4/10/2023,2.262,2.273,2.262,2.2661,0,9228
4/11/2023,2.295,2.3049,2.2895,2.3011,873,9622
4/12/2023,2.2808,2.3285,2.2808,2.3264,1260,9853
4/13/2023,2.3121,2.3148,2.3015,2.3086,529,9868
4/14/2023,2.3043,2.3125,2.3039,2.3106,575,9895
4/17/2023,2.2955,2.2992,2.2686,2.2765,1117,9971
4/18/2023,2.2821,2.289,2.2643,2.2796,423,9930
4/19/2023,2.2285,2.2408,2.223,2.2257,1314,10205
4/20/2023,2.1865,2.1865,2.1678,2.1707,1317,10554
4/21/2023,2.188,2.2,2.1861,2.1946,1148,10959
4/24/2023,2.185,2.2214,2.1805,2.2214,541,10961
4/25/2023,2.1765,2.1765,2.1583,2.1601,385,11018
4/26/2023,2.1573,2.1595,2.1049,2.1072,688,10977
4/27/2023,2.1068,2.1091,2.095,2.1001,1234,11078
4/28/2023,2.1116,2.144,2.1106,2.1402,690,11102
5/1/2023,2.1018,2.1338,2.0962,2.133,755,11258
5/2/2023,2.1099,2.1099,2.0348,2.044,607,11280
5/3/2023,2.0,2.0023,1.9609,1.9664,1764,11334
5/4/2023,1.9786,1.984,1.948,1.9633,2171,11618
5/5/2023,2.0,2.03,1.9982,2.0234,1719,11664
5/8/2023,2.0579,2.0811,2.0528,2.0806,1592,11924
5/9/2023,2.061,2.1018,2.0431,2.1018,1478,12139
5/10/2023,2.1016,2.1028,2.0754,2.0897,1253,12362
5/11/2023,2.0531,2.0669,2.0523,2.0545,1735,12896
5/12/2023,2.0576,2.06,2.0166,2.0194,949,13115
5/15/2023,2.029,2.0542,2.026,2.0514,922,13271
5/16/2023,2.0512,2.0585,2.0368,2.0451,1577,13596
5/17/2023,2.0505,2.1124,2.0499,2.1094,1451,13635
5/18/2023,2.1032,2.1032,2.0776,2.0861,2104,13758
5/19/2023,2.1209,2.1209,2.069,2.0733,1412,13963
5/22/2023,2.0636,2.0882,2.0631,2.0832,1223,13838
5/23/2023,2.1061,2.1169,2.0949,2.103,1331,14105
5/24/2023,2.1254,2.1453,2.1089,2.1443,2509,14352
5/25/2023,2.1072,2.1136,2.0671,2.0872,1891,14755
5/26/2023,2.0969,2.1159,2.0969,2.1128,1333,14976
5/30/2023,2.0754,2.0777,2.0221,2.0273,1530,15339
5/31/2023,2.0161,2.0248,1.9775,1.9983,1207,15350
6/1/2023,1.9923,2.0481,1.9854,2.0255,2129,15491
6/2/2023,2.0568,2.0864,2.0568,2.0775,1573,15560
6/5/2023,2.1026,2.1186,2.0784,2.0844,3822,16527
6/6/2023,2.0785,2.0934,2.0561,2.0876,2770,17164
6/7/2023,2.1036,2.1251,2.0901,2.1164,6115,18813
6/8/2023,2.1154,2.1215,2.0368,2.0854,3745,19377
6/9/2023,2.0975,2.0975,2.056,2.0586,2788,19208
6/12/2023,2.0362,2.0362,1.9864,1.992,2808,19140
6/13/2023,2.0345,2.0597,2.0345,2.0481,2099,18898
6/14/2023,2.0673,2.0676,2.026,2.0281,2968,19007
6/15/2023,2.0425,2.0965,2.0376,2.0922,1644,18952
6/16/2023,2.0915,2.133,2.0915,2.1302,2557,18917
6/20/2023,2.1091,2.1176,2.0645,2.0854,2750,19043
6/21/2023,2.0854,2.1124,2.0625,2.1089,3114,19202
6/22/2023,2.0653,2.0719,2.0329,2.0491,2933,19646
6/23/2023,2.0198,2.0362,1.9915,2.0307,2128,19766
6/26/2023,2.0348,2.0577,2.0248,2.0446,1881,20132
6/27/2023,2.0593,2.0593,1.9986,2.0022,1346,20301
6/28/2023,2.001,2.0549,1.9942,2.0537,2080,20258
6/29/2023,2.0561,2.0731,2.0408,2.0654,2660,20021
6/30/2023,2.0573,2.0993,2.0573,2.0981,2055,20092
7/3/2023,2.0841,2.1004,2.05,2.0519,3020,20427
7/5/2023,2.0932,2.1098,2.0839,2.1052,1825,20000
7/6/2023,2.1065,2.1088,2.0562,2.1071,4447,20331
7/7/2023,2.1099,2.1535,2.099,2.1515,4277,21208
7/10/2023,2.1394,2.1648,2.1333,2.1466,5440,21488
7/11/2023,2.1574,2.1962,2.1574,2.1943,3524,21623
7/12/2023,2.1911,2.2268,2.1911,2.2249,4480,22216
7/13/2023,2.2245,2.2496,2.2095,2.247,5136,22048
7/14/2023,2.2463,2.2471,2.2074,2.2151,4208,22350
7/17/2023,2.1937,2.2097,2.1845,2.1961,3933,22841
7/18/2023,2.2084,2.2314,2.2035,2.2308,3838,23174
7/19/2023,2.2327,2.2573,2.2281,2.2375,7013,24057
7/20/2023,2.2369,2.2561,2.2246,2.2555,7813,24530
7/21/2023,2.2689,2.2956,2.2553,2.2948,5899,25674
7/24/2023,2.2822,2.3483,2.2777,2.3316,5869,25740
7/25/2023,2.3187,2.3395,2.3058,2.337,10199,26818
7/26/2023,2.3203,2.3393,2.3132,2.3351,5576,25950
7/27/2023,2.3415,2.369,2.33,2.359,7172,26698
7/28/2023,2.3445,2.3759,2.3435,2.3721,5585,27586
7/31/2023,2.3773,2.3914,2.3611,2.3853,5043,27407
8/1/2023,2.3777,2.3939,2.3669,2.3732,5497,27865
8/2/2023,2.3806,2.3885,2.3104,2.33,9655,29477
8/3/2023,2.3219,2.3542,2.2982,2.3426,10339,30200
8/4/2023,2.3525,2.3772,2.3459,2.3687,5635,30357
8/7/2023,2.3733,2.3764,2.3507,2.3646,7515,30946
8/8/2023,2.3474,2.3951,2.3058,2.3917,7433,30919
8/9/2023,2.395,2.4255,2.3931,2.4183,7274,31627
8/10/2023,2.4279,2.4279,2.3856,2.3955,15187,31749
8/11/2023,2.3949,2.4194,2.3909,2.4054,7920,32451
8/14/2023,2.3769,2.3941,2.3677,2.3789,11313,31501
8/15/2023,2.381,2.3985,2.3453,2.3559,4120,31907
8/16/2023,2.3513,2.3731,2.3263,2.3354,10355,33151
8/17/2023,2.3363,2.3707,2.3352,2.3476,7912,33925
8/18/2023,2.3666,2.3685,2.3286,2.3552,6598,34558
8/21/2023,2.3675,2.3798,2.3253,2.3342,9758,34162
8/22/2023,2.3304,2.3485,2.3304,2.3414,10225,33663
8/23/2023,2.3382,2.3382,2.2868,2.3187,9759,34597
8/24/2023,2.3127,2.3329,2.2927,2.3311,7074,35214
8/25/2023,2.3388,2.3694,2.3118,2.3671,6120,35734
8/28/2023,2.3539,2.3727,2.3216,2.333,7288,35873
8/29/2023,2.3408,2.3526,2.3087,2.3392,4637,35447
8/30/2023,2.3433,2.3638,2.3379,2.3503,5873,35796
8/31/2023,2.358,2.3826,2.3428,2.3658,8259,35624
9/1/2023,2.3724,2.417,2.3724,2.4052,11606,36046
9/5/2023,2.4064,2.4608,2.3985,2.4168,7335,36268
9/6/2023,2.4276,2.45,2.4008,2.4335,17090,36748
9/7/2023,2.4409,2.4552,2.419,2.4413,12936,36452
9/8/2023,2.4472,2.4756,2.4448,2.4679,13655,37226
9/11/2023,2.473,2.4966,2.4579,2.4901,19842,38642
9/12/2023,2.4978,2.5241,2.4846,2.5144,18365,38364
9/13/2023,2.5098,2.5244,2.4985,2.5141,13699,38631
9/14/2023,2.5189,2.5512,2.5178,2.5373,17153,41471
9/15/2023,2.5538,2.5566,2.5061,2.5193,14786,42097
9/18/2023,2.5184,2.5398,2.5071,2.5232,9588,41768
9/19/2023,2.5319,2.5439,2.4971,2.5012,13943,42388
